timestamp,rmssd,sdnn,lf_hf_ratio
0,100.86711160754388,62.983394851083375,5.019496318671985
1000,94.33753137747266,60.29727717681701,5.880271110469998
2000,98.17566113177313,61.42824858982265,4.910484309913945
3000,95.86293448376489,85.39555663246684,5.846390185385227
4000,98.127534677484,69.09525159236631,4.388059093908193
5000,90.1249318139084,55.7890199101757,8.343874700951853
6000,95.68804700743385,85.29599993356291,7.009553512017343
7000,104.53302744961948,93.58924297046094,2.8276906431973083
8000,99.75425618408987,64.498686642714,4.810136270067849
9000,108.23554814008921,73.18164043278368,2.7107626371948643
10000,107.03022166093444,76.84890205510922,2.2679682864562283
11000,94.1786720530979,63.747391869683916,6.2510074239284545
12000,93.66860225332006,84.12069243635592,6.436706049476178
13000,97.25733321693632,69.06535855126245,6.006269281604359
14000,95.34349283915046,73.58897982713033,5.776105650662688
15000,101.82068601339077,64.6739497594998,3.7549799049507526
16000,97.32963992218042,77.15251823348656,6.132586501016607
17000,100.87140147566993,69.82894449442225,4.891477584115499
18000,104.88160982871611,72.46775853933123,5.069805000369891
19000,107.4520216580023,81.68872074576552,2.6492025426608694
20000,90.0580480430691,71.78158599877817,8.550769113088734
21000,93.89045588683626,73.51843583777725,6.781888333620503
22000,107.27371946956822,75.39068414684326,2.6846884662294
23000,96.95789914021974,68.59610468562809,6.0819946586291085
24000,90.74682178087573,70.00760729309141,7.030632368198074
25000,106.81457624212975,89.70598033675162,3.4292687871484766
26000,109.82027340429599,72.8956517192501,2.555236241158781
27000,104.3007173314332,86.21442212823061,2.8009247613136914
28000,93.31077002150552,64.93492986651478,7.121748058352652
29000,90.97705106078246,71.98937679398705,7.661177805938514
30000,109.27908409047579,79.79250259511804,2.6714103985209636
31000,102.99200705504208,86.14831489423679,4.595151988943604
32000,95.7536641120755,74.45767028183644,5.878088935839453
33000,105.0422129886891,65.0936091141796,3.7266312674461872
34000,91.0049086096951,70.79353379626872,6.9812544895008015
35000,94.34225714680646,62.348892130151775,6.0390468282763825
36000,101.7960830285641,62.22653650959609,4.495090264017914
37000,92.25010154643125,63.5506682189936,8.030989095459123
38000,98.24843446135924,60.39556444835977,5.198501103064098
39000,103.77696025527275,84.94389533170217,4.193057016339626
40000,106.04328387535263,82.76848711390014,2.9656590584280615
41000,96.91231519256735,78.33185577651548,6.2245383799510225
42000,91.5321345761327,69.13824947212917,8.04576914024924
43000,95.8802665859003,70.99673569296985,6.239940000612404
44000,96.64655198094282,64.11266832354045,5.998431834555395
45000,96.37507600635588,61.920345402407165,6.174156080709084
46000,90.26676814625972,58.86076754072179,7.98522391462979
47000,109.94151950336689,69.05847471796982,1.930696593517829
48000,105.67835730198308,67.16681401804523,2.822780331569718
49000,98.22669475490976,68.10162528709449,4.674535097654313
50000,90.08825039501941,60.69883148384013,8.204033707328046
51000,100.27054801566979,78.81689254930711,5.262067600610092
52000,100.21042248964912,83.08392891931234,5.411993107592818
53000,90.10652722651724,69.01380699505934,8.054575897454113
54000,94.11042371116903,60.268770842131865,7.303676481943218
55000,101.5937379979162,83.67265032565892,4.7278860382226116
56000,97.83933839426729,78.19021944021647,6.021672845964985
57000,97.72044498307916,87.86474028900946,5.936787968411568
58000,104.52157670191261,87.54372980969491,3.800932062239243
59000,92.83224348861582,57.60232578749378,6.577015890088458
60000,104.2283067635853,73.74120068144062,3.424112728044812
61000,99.72827818386105,76.85386442762967,5.7311542918904586
62000,90.31584343632602,57.278169905052984,7.828422439882512
63000,93.32588638536492,78.63010544109483,7.610985723133107
64000,90.13480343405772,63.110150226117895,8.559606389497231
65000,108.49594081268698,93.90747929305776,2.5737990608510364
66000,100.50273089718226,85.02625685802175,4.36578333956579
67000,98.33242862947309,79.99558584980431,5.716843464376091
68000,107.07876557811021,73.93773752639483,2.043337284682337
69000,91.33149981838922,55.83679677219375,8.10111514232057
70000,108.44367223568958,84.91280134650899,3.705308737001677
71000,97.93008900055236,78.26264143511797,5.436123639400161
72000,109.97387000288589,84.7137563214333,2.4144000674713952
73000,102.15277376571957,70.19281876143653,3.9309180596979174
74000,106.09257058002873,87.5844805151041,3.3922492483969355
75000,90.6855505546939,76.03047091763786,6.618363579121175
76000,108.47378650911358,93.43230493536701,2.4229322270216063
77000,99.57571683804255,66.6831842060715,5.376634348149994
78000,96.65483758809019,63.61528571232314,5.388002638835523
79000,95.21612679565092,64.62536649342125,6.0718464327698864
80000,107.37547387895152,96.50885468056796,3.252873020159295
81000,95.46709644012901,70.7928452312719,7.447818455288729
82000,103.46480083216767,86.31856555943999,4.413184458333631
83000,95.69812759339796,66.79691305592553,5.833086225999002
84000,103.45858240883939,73.49161409470285,3.570271777838404
85000,92.29115651953566,57.67791307707673,7.3038400631942135
86000,99.85014506911251,78.83522306502384,4.88919167881071
87000,93.02040036127316,80.9522351307072,7.068862841284828
88000,91.31177474542392,56.61120322177835,7.083792052164712
89000,108.25592038723047,90.0785116004691,3.5433914989967086
90000,96.00628215645472,76.74427890691547,6.833443271740549
91000,109.0274805063138,91.04035906888916,1.6382712141463152
92000,104.3382717041145,91.47291449403309,3.6262607938372193
93000,108.29357972539945,81.48792617261968,2.500086207008528
94000,95.72317148177076,78.56969299956133,5.535934044294153
95000,106.67727616082254,72.62756821559613,3.7986771617332047
96000,93.22329113380259,76.81779128909456,6.559443073214107
97000,102.52365326304509,63.28467734912295,3.7048818675663395
98000,108.53380551155101,92.09846809859513,2.452272248449022
99000,102.27218355975434,77.14792342404746,4.008211423881664
100000,105.27557099703469,71.84982771988975,4.305727662940542
101000,105.79336499662155,71.30189030038879,3.036284363598946
102000,106.51416607208728,71.55241758506428,3.263690521252581
103000,103.83278046153201,90.63892339475188,4.033323568759492
104000,101.40253929124279,70.68332533464566,4.346445164700953
105000,94.62177116558547,81.64849336044901,6.882335657917825
106000,108.76494135194943,70.98768401287013,1.55387844228248
107000,101.7521974598116,67.03005762657979,4.442052631365687
108000,90.01464524401679,78.40290473655149,7.933450926456099
109000,108.56713307536785,97.58600172039394,2.0434074809841456
110000,93.44230219829164,82.51087127619631,7.212351174611712
111000,96.19557904749483,79.63734427136525,5.871019030269221
112000,97.74425320636502,67.26263323684718,5.943164292428679
113000,94.81003727156065,74.66366316185466,5.778197429325238
114000,102.71510542003305,92.33506536932319,4.276164903212776
115000,109.31904749289446,70.13089233662504,2.556768452795006
116000,108.2866543991315,94.9269361479015,3.105146480667893
117000,90.1776997730123,76.03196916797253,7.284127048847228
118000,106.55372554873148,90.78130942915067,2.6376506295777755
119000,93.9898956203366,58.78677953931441,7.111003186907889
120000,106.8355297513489,91.01709441133069,2.8703974960018392
121000,90.11739397017668,63.760647903427575,7.433341674548421
122000,107.31152317583951,69.328053228706,2.846261006404687
123000,96.2640235616025,71.05584486997057,6.024453587677773
124000,105.83412708187777,82.57454131550936,3.8066733300224342
125000,90.56644159608014,64.79986058110377,7.909563161972912
126000,90.12832764362129,65.56330874082587,7.665927381662419
127000,105.6759595105288,65.6462409292801,2.3284472504557665
128000,99.14229885691442,71.11808548968764,6.754380629551245
129000,109.43877268700665,85.00260141925295,2.0707030849918127
130000,93.5116702677,56.21374697512888,7.096220425284439
131000,102.87098082907927,67.86632587237968,3.95785954957504
132000,96.82770090265946,64.84101181209462,5.318128554268945
133000,100.5960558140437,63.45551343197215,3.772061376396248
134000,108.9947383042477,71.73385278512588,1.9748888492899481
135000,94.09511542277889,66.12391660735865,6.337023598315526
136000,93.46782130559264,80.97526353474643,7.409845165743294
137000,94.04622126754552,80.23959328323348,5.99963973772689
138000,90.9930593939969,81.5716293092956,7.844579944295958
139000,93.09486088876419,80.73939206507944,7.4817102325966065
140000,97.19454376621357,83.75660630114224,5.65716997513906
141000,109.63029250853606,67.46192778631868,2.435841700162074
142000,96.44180977175068,58.95299998273499,6.130695464151762
143000,91.84142509623877,70.30896625653749,7.457246720361279
144000,104.82117301417776,82.0974673034646,3.0584674919155543
145000,108.73350474218974,84.42292662572858,3.9503948249188037
146000,102.64685063615032,65.36793604293803,4.090912432504936
147000,103.25014972592473,78.98897526798736,4.033183494959035
148000,107.31250215952181,66.05333089149711,2.0490692529913668
149000,97.25008320911448,78.87189236217405,6.1134298201919846
150000,99.300292846287,74.99113822570024,4.633017559273016
151000,107.38297503445185,88.2159458692528,3.519530408127727
152000,102.26614999705846,87.20050618302541,4.853257870752818
153000,92.22409970286294,69.80318575619869,7.748952620176614
154000,105.15206095785484,63.570019947184925,3.0068807609369
155000,98.99740512814857,65.38060108510952,4.237139059145611
156000,109.11859275258708,97.24410166042047,1.970148605210687
157000,99.928655743472,87.52284492053217,5.4341234163551055
158000,103.42140672310403,67.8264320738406,4.0779579377832125
159000,97.53173944625874,81.0279849628794,6.035629806445256
160000,106.22838659282833,82.87627873331043,3.1424090787548993
161000,90.49130681016146,57.4333148320027,7.616962697222971
162000,91.05618055527556,77.0581036334679,7.754469343885051
163000,91.01846547421802,59.27136432598413,8.011596192510272
164000,102.85487380270648,81.47317635527716,3.9026434359770645
165000,96.56491671189336,71.15909275811411,6.33531414272344
166000,90.43193476993522,60.90564028742936,7.882356774873924
167000,95.15379561712665,82.64570061796401,6.272364868874122
168000,100.92715235168919,67.75461222723696,5.218706051995867
169000,106.9662135354271,90.73851628978805,3.0559366969746034
170000,107.67776569966597,80.34206472353665,2.244249391346372
171000,98.5717424079713,80.78964513208696,5.428800684001707
172000,103.1616085298065,78.11856888933221,2.947660226230994
173000,106.93238904442515,94.5045465926006,2.9730664055646137
174000,104.74954842456219,74.50661861322077,3.9496289818482273
175000,99.07147615610387,77.55291139616416,6.258307391841025
176000,98.76187588518067,82.64714818104855,5.747539293550016
177000,106.46155249496184,86.64158852721073,2.9823528820314418
178000,91.09216527262433,69.60282423951888,7.587909290079435
179000,91.04397739785139,55.79695912118762,8.502780496290102
180000,103.9690005941859,63.9228810681288,4.05730868679536
181000,106.4202129544024,74.08800717841818,2.884604431409757
182000,108.855284860062,66.9134859425324,1.5728396280988468
183000,100.60799970250073,77.5270410781881,4.990570246198588
184000,105.06733479721652,79.99436154749698,3.702595533346962
185000,107.61728618119336,84.57801941030223,1.9672645320362154
186000,101.57465911890147,72.86379318119951,4.517533634889353
187000,97.76426708467119,75.9652139130527,5.589955048278144
188000,107.71111672353679,93.6832752369908,2.3013715584214207
189000,92.36050360109157,63.99385767603906,6.925713317283381
190000,104.07589866942011,91.602140328969,3.0349511398546443
191000,101.33424449161883,65.12377054074396,4.436285206887423
192000,100.06714023732468,66.66962515913504,4.488879367748594
193000,105.18291516151264,81.61591695014252,2.5773630152561315
194000,96.37440679132642,58.611518303126275,6.6598200203547115
195000,90.87626240624945,77.54130263146793,7.724081568678278
196000,94.35572315603511,82.87125340198466,6.855128567192234
197000,100.78302021327548,67.62210038165583,4.294681227463163
198000,108.21437623888986,75.35700685204213,2.9915488320078487
199000,91.52633945887973,72.46914507412401,7.844772961941531
200000,102.54118291809303,81.25494429266699,4.162264334944062
201000,98.50856036169023,67.35526409820764,5.346929262779804
202000,106.62471465541192,90.18535503623693,3.109938122924433
203000,100.1519478918272,61.45144959934164,5.427652638372956
204000,99.3676709817105,62.92556339174815,4.868324007590172
205000,91.20845260538309,55.156697084345346,7.956205460659274
206000,95.05241622322548,73.57587161989771,6.77832483438777
207000,107.42433079397557,83.28248481467124,2.3160084920328043
208000,96.38127419679049,71.49060584025304,5.948490153699872
209000,103.31281801394886,62.1560815388382,3.7477736597469344
210000,104.96952025178621,67.08707736906148,3.3414856947993425
211000,107.35468953335898,92.31002443779333,2.6685633224123064
212000,106.31407744685039,93.05676016234045,3.2532263006742776
213000,99.47781286643965,64.59585145052648,5.008347379403513
214000,100.56031301642616,68.81740110081515,5.206653520527403
215000,94.28386037408659,75.35137266387868,7.034676100978533
216000,109.67642819954347,72.59681273952006,1.8672886736084569
217000,99.0015532678029,70.74275633337015,5.428693813173705
218000,105.31071884060007,74.6189687866158,4.053168231092985
219000,96.56924500529963,72.33784064020283,6.3119304533674185
220000,101.57781591905331,75.18227409704153,4.458124377692258
221000,99.90875384352563,76.04952910417569,4.926176657141208
222000,91.36943955325268,58.96877288640663,7.586486176366731
223000,95.13707546897531,64.87558951822344,6.698034062615557
224000,94.66147367977726,59.899425479511656,6.911314687450213
225000,97.77504420643902,82.27212917035611,5.263860989341987
226000,92.06368319125536,55.86025784295653,7.231055317144707
227000,94.3673815926561,72.03676236838722,6.597464776697302
228000,101.73905397099784,76.48901549410999,4.149783898289578
229000,102.21280365173432,79.44839000283132,4.269738194824515
230000,91.16154947907913,61.66065415263313,7.430119979520782
231000,97.47394212616543,69.77447509516047,6.764686201626154
232000,103.4801314530077,82.62101589674946,4.006081190134153
233000,96.94957276364771,74.47780506709466,5.745990202433586
234000,95.08415596023312,65.56473947417093,6.589895597660091
235000,92.09648103536196,77.84894000792633,6.636925962587453
236000,102.70264642549711,70.71986972292582,3.590548881709148
237000,94.51118660664388,83.81555213623481,6.399928375362334
238000,99.91243175628507,62.31597715892526,4.512321226810635
239000,102.95129182587806,61.83690886701453,4.018001514190213
240000,96.18009431857911,64.0936145532316,6.124918803513169
241000,90.06412152621901,78.5463246052877,8.253900436044143
242000,93.4906073487224,59.80131240513079,6.940442633886234
243000,102.7076557266458,65.16221738680318,4.783243133059262
244000,100.29946244407687,67.5434000902224,4.5173009086506895
245000,105.32775016852962,89.59234794517224,2.8731555343474677
246000,95.59594687495064,80.10783751034351,7.521050430428086
247000,103.49360527273726,84.69231724737485,3.9199357566887567
248000,100.35701670198276,83.83269777705468,4.480370693261493
249000,107.5462879872218,95.43845766004466,3.342840747537977
250000,101.57509643285255,70.96244662558557,4.476576987047309
251000,93.58981353449025,69.69693179008034,7.238743896131357
252000,97.9784301208335,72.21391172583489,5.032545153635999
253000,100.57474063042429,69.58546923991547,4.714639328777297
254000,101.79649753650286,74.49625180741687,4.375722933276431
255000,90.42734712916531,73.75520237373559,8.455074330658164
256000,99.92796957725457,82.54722265959151,5.5022664148780205
257000,91.93999297521859,65.51019894218348,7.101027565077332
258000,109.23217149906908,94.56252656844347,2.589851256767839
259000,102.35011338241209,80.22943029239339,4.752889393544531
260000,109.17477481253833,68.05457516133305,2.918231159366238
261000,98.13381304724686,66.11915581824518,4.457744110863683
262000,102.6650766995892,73.7236641673581,3.6318993881694404
263000,106.69655370879468,91.40587396408846,3.100480133798762
264000,106.45772580164986,64.95767221670184,3.711141666064559
265000,91.88488187278395,62.33051652747517,7.579136067626676
266000,106.66657116466052,67.96194704271434,2.1991752604213044
267000,99.99810862513007,64.89458035188117,4.6023731410645725
268000,92.77868512228406,57.801905485683776,7.269442586211275
269000,102.96928950190576,87.05641621929281,3.7916231943121024
270000,101.70467533683887,88.0290198513445,5.1219404786703695
271000,104.46104362946417,70.60776920378322,3.512138856233676
272000,108.04891192054012,69.51675712616256,3.08824132719494
273000,103.90030926127328,84.89868747710038,3.6043658826059937
274000,99.42282375099367,67.10903432838089,5.250607497310943
275000,105.36798611035655,79.28546409960094,3.8414074186173917
276000,93.11134473749007,65.61191820202585,7.242338292680672
277000,109.9346010695093,74.73909755597876,2.1327453681032775
278000,98.86065498065989,79.01643919456578,4.682439412519786
279000,107.39602364236866,91.29389493198326,2.6443191426936825
280000,95.27194022877998,64.55461489810124,6.671834581417793
281000,99.6784621635049,85.89099170525238,4.939707583917723
282000,109.55732353155764,86.20552975808627,2.076238472180664
283000,106.18508406667343,90.9897678343142,3.1079218898724603
284000,92.7201507981881,70.17343304870434,7.41707977548945
285000,98.97904932593099,60.40339153490536,5.571386544441799
286000,91.0790364082936,77.85527017545381,8.448242384374035
287000,108.36236941547213,69.60423850104854,2.9521537826190594
288000,108.0792615353711,94.20926102082069,3.205097116759519
289000,105.6872028591472,77.1927064889573,2.978409666588267
290000,100.98923728125698,82.39211349073447,5.630379215055818
291000,101.58495425299306,69.21739227825772,4.973908574249548
292000,92.41261850389512,76.51530387092812,7.062359035939072
293000,95.06678787778894,62.70043718778723,5.894839019246029
294000,97.35835127046533,79.72694970868167,5.631327232183638
295000,95.65861975337533,72.3486372730593,6.995190504830158
296000,97.02320372778793,70.25434934948476,6.403267212901219
297000,104.66308276039962,69.55297493289683,3.4715289801457905
298000,102.58842051944397,91.46198787607374,2.898367681782461
299000,91.61726242364907,75.11701948522833,8.688133609488002
300000,107.19219588832354,74.9081412273141,2.3991076162504434
301000,98.77502166133092,72.70544858211295,5.016150445783554
302000,95.45614220479513,81.67558056827582,5.617016941670489
303000,99.29370969550477,65.92140696268838,5.265075707185315
304000,102.55783842007395,80.65289055916612,4.6045136162446365
305000,102.09052786442966,72.64637468116057,4.214819795090219
306000,99.38596177334715,67.11579969620857,4.772935033656868
307000,100.29959808312573,79.03771164261246,4.677642542538439
308000,101.69151528984737,79.00716981673733,4.950366324626396
309000,99.92056908838799,70.48075152181892,4.884426870335735
310000,105.05433798971461,74.44142757488453,3.37824404057495
311000,96.22546533817898,73.44814193081335,6.74892233760385
312000,104.2693763839654,75.68848758833366,4.017358628794985
313000,106.35698698811608,77.09540772320173,2.692041169244405
314000,102.44197203718093,80.11035164632472,3.9998418089038403
315000,99.51376073270234,86.38193819584467,5.661776079397487
316000,96.55437219909177,78.71682737865939,5.3769247909935585
317000,97.03762932052783,73.74809157599105,5.829451082827999
318000,94.42498281037305,77.43516547603024,6.396199438538708
319000,108.89472642777379,90.61133787608262,2.1768042380292862
320000,108.06569229082662,78.06887011003087,2.1728465267122505
321000,94.49498322625801,78.62877596921072,6.479448090194106
322000,107.95576170309627,72.84916508943267,1.7866938266554349
323000,108.3121376430038,76.0283557324611,2.5396566940300613
324000,106.01395346496382,74.15870764424356,3.4295445747450444
325000,103.94061271526176,68.22378031236994,3.2676242588582904
326000,109.25620830262446,85.56460698952141,2.2911090016929068
327000,105.88591838175222,69.33030635903954,3.4391229709274334
328000,101.5878715994915,81.49531797112007,5.262820908511394
329000,94.91920476805905,69.43475944553013,6.801523514932834
330000,109.5192147062638,68.19057664966232,2.487887782386402
331000,92.22875684803526,61.75067823299098,6.966695630635728
332000,101.67180532726908,74.47315404102304,4.2341629192403065
333000,99.65218558770746,69.12734913452775,5.6053766554804
334000,92.87661914537394,68.58983897084104,7.501547349492159
335000,92.04407753344265,82.07158978142182,7.318593576796341
336000,90.05507272659933,66.1289732702331,8.491404021666359
337000,91.62902335181803,81.72609122894693,7.423761797445846
338000,100.67971621460755,84.20906937958861,5.282415882187372
339000,95.48111821812954,79.27650186067807,5.8204847814703475
340000,92.50125694554757,80.0762277919756,8.307094589381247
341000,106.76736409260602,87.91437778119524,3.3064472901811994
342000,93.11361485376673,62.96207739225918,7.074128565862276
343000,98.37488616615835,66.40967448520735,5.212089428427384
344000,99.41329513227484,81.02764464003492,4.978899726252033
345000,102.35483422594605,87.14572970103093,4.247083110338494
346000,93.55612980336367,78.79323918390268,7.361629921858686
347000,90.54788240071602,70.86810460965373,7.816534452128016
348000,95.03497779037305,57.90706047401285,6.4251128396014945
349000,104.44441354894788,63.61889599277323,3.565349180818709
350000,101.85784467803934,65.24722160735091,4.880784548469894
351000,98.93006576462459,85.57586665302294,5.3538103110601964
352000,108.84754880289942,80.22851679550357,2.7676478934282622
353000,108.66591085077334,85.06302891266219,2.3345285063755914
354000,109.35950479716263,66.23732691175094,2.6258266121915224
355000,109.71254245635657,67.18564905743818,2.1766991251807837
356000,109.89650628728148,96.04451161136829,1.2120707935594306
357000,95.88382392997622,77.47564375004052,6.13939766010517
358000,96.06082549350214,82.77373185785568,6.171767966735593
359000,100.7750204274813,63.660076021463595,3.617800552085695
360000,97.64813452980857,73.56473077250507,6.013315934245496
361000,100.38317249403734,73.07366194198461,4.721499607391265
362000,101.28568997442723,72.66426838618561,4.734921825711538
363000,99.23423150495023,86.18226182052139,5.272583674355683
364000,103.35530885878504,80.37216345050604,4.007405758212559
365000,102.98775726583949,87.97208122490974,3.2819979908870742
366000,97.59796955294439,85.69919226860868,5.014025761987075
367000,102.41619838585227,83.57021574888029,3.7211740774796773
368000,92.62254372178153,68.69544245914285,6.582995212860807
369000,98.07580215036728,70.8386817260646,5.397603048569302
370000,102.41541757886363,80.5130764222352,3.698310561236487
371000,109.10307356717794,78.465116720079,1.6928073131061208
372000,96.67182748736968,68.9541302799763,6.456869051644903
373000,95.20520649220704,82.46548335170857,6.316206240165987
374000,103.00116432026002,67.30263302049248,3.4732413284356713
375000,96.54452261248744,85.1813010148775,6.400667694108769
376000,100.2187522537304,87.01043768832403,5.0639799409736295
377000,108.87643693632154,75.85865281942532,2.06790698179361
378000,91.0332950121563,62.42746836820526,8.638827991834555
379000,95.13686308515939,85.16455780754255,6.906490595188398
380000,90.95991006044126,69.34549278721246,7.444257199971323
381000,105.19293038830924,88.62306681424953,3.040538698861074
382000,91.07422550900498,55.49899617094534,7.6566885518924135
383000,98.52044480681582,84.77908101450244,5.628806251331346
384000,99.5122226168888,83.04831778021754,5.481326411607841
385000,90.243356982708,59.497257505084086,8.63231570618128
386000,109.03036726649324,68.57348080251208,1.6329562300417426
387000,90.10212808309036,55.70127189851285,7.409810569303977
388000,101.34414601279576,82.86030183548971,3.8892244201861894
389000,93.33401876155726,69.34264677994848,6.8115277802274585
390000,94.49683996779913,57.741604493519034,6.903539682854797
391000,94.65451199305704,68.81328715738077,6.38019326060838
392000,109.22215770101161,84.30347288829488,3.1380216050664465
393000,96.76341837605437,77.35676027817668,5.8163044939306205
394000,94.16401065944268,71.37183429735451,7.52550633647713
395000,101.73633164236229,82.26071675582979,3.9991524575237514
396000,94.67406377175794,64.9468048852498,6.355671540354942
397000,92.19989883334816,78.07514163398375,7.225428108638523
398000,96.35523115368548,76.40930463216156,6.68585145570718
399000,94.2142547362947,57.60942299183782,7.187097204324053
400000,96.63364995948653,58.3091893348566,5.521956225809675
401000,103.8934814272338,70.8680972393771,3.213454200456512
402000,108.27468786629886,92.79946192733959,3.157370164846986
403000,106.26084484997963,75.82240456586268,2.8385070389560827
404000,92.30940362232195,80.58311725185447,7.3085178234999315
405000,91.40006755311738,56.528612700404054,8.40937131994217
406000,101.44853031086977,61.11239615543837,6.045564464016216
407000,106.39380071520208,64.87107173440697,2.9252226353503
408000,99.3833164130962,72.89127106688697,4.632958350259026
409000,109.26431064175505,82.28393433400169,2.2347482128891683
410000,105.87581453330489,66.33267967997767,3.208675860366898
411000,104.37398027975824,62.67271605614734,2.8097023015022957
412000,103.27259435061278,84.46111495168873,3.677714153937882
413000,95.83603542204145,84.51946837057619,7.0756278185144295
414000,93.25331539670061,83.31124766217347,7.301243844841592
415000,101.81839724734118,71.16016037254151,4.141750839576341
416000,95.97684701659487,83.45384348579573,5.899366656090984
417000,107.72491381518637,77.28585815666113,2.1147852059208283
418000,97.70762138655401,66.93720097719338,5.100748351969278
419000,102.41125538065806,80.17935878419107,5.186189148076906
420000,109.09597450247924,79.29614763844222,1.4392770773483592
421000,108.40353542802725,80.70911493084579,2.0488975833804046
422000,108.46124242695413,77.1038678945042,3.3424124423502204
423000,105.45563325484358,76.12949071059853,3.426731664766694
424000,97.06341964970508,71.09390249185044,5.324383874530627
425000,93.92711870759544,77.70058345009065,6.994245195640029
426000,97.1755404453349,69.00843552232807,6.051042287503939
427000,96.51464012824276,81.0277818397044,6.095129529472538
428000,106.5747701051171,86.13492700622682,3.044143831152012
429000,101.19969243246273,77.82205682372644,5.057533499507593
430000,106.9825667661151,82.79001902788423,3.1256614583914746
431000,90.0368323175851,76.61260311450334,7.569905510887551
432000,94.27369144489876,62.45752075777512,6.577256683685264
433000,96.43350651274918,61.38844534302722,6.087793355692623
434000,104.62066441099194,74.81872020849302,3.2451331048988874
435000,96.82580179269388,71.43745529606127,5.611940155271396
436000,103.86247434813856,89.35587621129044,4.148883277327195
437000,108.54546606957155,77.1598375495797,2.4424352152293496
438000,107.48335530326987,68.93356571160577,2.9389699012168364
439000,92.76465658789928,62.70946870931475,7.140305784908851
440000,90.91786979553935,58.061079505049555,8.815077018875154
441000,105.18874446774147,73.69141883997813,3.121725869074071
442000,100.36561882450428,77.52710375035747,5.1358182730828945
443000,98.98165665197459,84.11893120724403,5.46802927021765
444000,100.28247511087676,79.12654601181637,5.507272484373396
445000,92.48005431433494,74.81238868090657,7.443755629049732
446000,96.14740661450008,75.46513947433456,5.8928955918683945
447000,93.81264377810001,65.02945231833526,7.3732145147022665
448000,109.0631311407065,77.91009439947277,2.655511349770326
449000,96.83781404059215,86.556489035725,7.010423647571576
450000,94.59769027421478,60.73454493179584,7.161663289341457
451000,92.57895879225212,63.832155999619516,7.223696885537168
452000,103.2475430170115,81.65096379466098,4.132668142344899
453000,104.25119820661733,76.72351385127752,4.061688220794658
454000,97.61521128964945,65.28887365873213,6.724972391213716
455000,109.46473899024284,77.22250491749854,1.8422180828383377
456000,96.10534378543173,82.18952162043136,5.674423340539401
457000,94.83895919693303,62.70515855575781,6.817600187719172
458000,92.30809365423205,74.76700018885519,7.08080541917585
459000,105.93898609850984,76.85729317249795,2.982998196975112
460000,96.68260097048199,58.15560223052927,5.22862358854166
461000,101.21977888865216,72.66168228289963,5.591185392210775
462000,103.78357213400149,74.39869568869227,3.9877831996257225
463000,90.25336366081926,75.01175108848415,7.738063765710661
464000,108.63853495135788,96.77592845582548,2.082810903165209
465000,103.46125374046343,87.1213747275384,3.719442687620983
466000,103.65156631078746,72.86890449994843,3.7576719603209447
467000,91.49214198241869,77.39039184574364,7.638473003108084
468000,92.8227145353018,55.755578459648426,6.962124355861857
469000,96.04440366289481,66.22063454776831,6.122926993575048
470000,101.84002564692551,64.59291658740291,4.871639364374213
471000,90.90152861300324,70.68895759331473,7.4904990397453695
472000,98.4408619416048,66.35933609921281,5.396980575994501
473000,92.07666347522623,69.0320544233841,6.962110277169081
474000,98.61983213301262,88.55279124060827,6.165416058547536
475000,101.17813847734013,61.899110948339356,4.058221385153544
476000,98.72135458995803,79.86165747343456,5.403732621696605
477000,104.45427357470295,63.223605664642584,4.162608217829794
478000,90.07354722690053,79.9834413933556,7.770383219558
479000,99.95145435885378,87.81062038908492,5.3309689447265995
480000,94.52239860047186,62.65290227719985,7.033812806730163
481000,91.53908498883737,76.50917991593533,7.270686926039172
482000,90.81587159801074,67.10058171804057,6.79226716396421
483000,102.4127884777918,63.596654924240134,4.559668728176619
484000,108.609204998001,69.9582929497763,1.928073614202146
485000,107.2289975021379,90.67984526641548,2.7914534969852824
486000,90.57483444787093,54.810298686738854,7.087998557787178
487000,100.1719385002997,89.39656905986472,5.175976682592271
488000,95.1849744432824,66.52575582065954,5.764636937656711
489000,103.97327425030726,65.79029857287877,2.750339211713489
490000,94.11086324757404,69.21464753962996,7.529568396197521
491000,94.33474298636843,59.37572159557009,7.19472583378347
492000,102.57145818201195,91.5553247476868,4.378656497997421
493000,103.28716527986971,64.6080555667766,2.7103744130651783
494000,96.71608594380626,83.44185016851364,5.988471304933326
495000,99.85260538646298,72.32122938420852,4.543179904519524
496000,100.24886803976324,70.76552011930262,5.272933323024082
497000,98.21391537648925,67.06237380057972,5.814934433339994
498000,95.89658336886397,64.1249537337285,6.561657881830803
499000,92.92615684636506,61.97825783663843,7.587683824280228
500000,93.79100195686267,75.31958838773632,6.890797403258973
501000,101.9737365969444,89.30128538587378,4.163898997394064
502000,105.77364592013778,84.74994244557635,3.6061703903766946
503000,105.14033315814258,82.41328574260666,2.975883564605769
504000,98.33155563803149,60.59219324636319,4.931771803633703
505000,92.23498526459683,62.426541105849466,7.604923378778152
506000,95.96297118357413,62.89193038788491,5.6383772869266275
507000,98.24891470200292,64.3894281076638,5.151191215753267
508000,96.58223474078001,83.7495982767979,5.958460267470101
509000,95.73040536758248,83.54544719300387,5.932757554904648
510000,97.2418375724109,70.91817750719825,4.9855441888656316
511000,91.73051665726933,80.3162759516839,7.428281948070813
512000,103.98138650433619,89.21849669954794,4.1502870113116614
513000,109.65429818918972,94.56300803738463,1.9666591183462645
514000,96.59731302200127,64.88956907126192,5.179166991631892
515000,100.29122648938312,75.39679433995734,5.815891515351643
516000,109.97135658888934,92.58914371099175,2.5594204071793625
517000,92.43091975155946,66.8700862135895,6.631085241699829
518000,106.66674172822472,68.76582105060984,2.5623271627937068
519000,98.55429307710631,66.21057150237026,6.648096312530102
520000,93.1442326919349,71.55564521019673,7.429861897857311
521000,106.60001478550997,69.57415648361882,2.698488557195472
522000,90.5157327918077,54.32268693053114,7.601290415695572
523000,98.57085655896952,73.4396981523859,5.734200507852958
524000,102.91685343890099,68.02913338814761,4.204238699225356
525000,97.17801698884682,86.10938083918036,5.1060604491017925
526000,104.88509508053865,85.03626314915785,3.8348936526393866
527000,96.16141079199491,61.46529573334071,7.371238195235353
528000,100.57775801785037,70.22877314904089,5.399355428464923
529000,96.22311927993822,81.45012430114441,5.222514698797993
530000,102.57073153320101,66.73733829193334,3.9362747402410396
531000,103.98493377196498,67.57110012854515,3.937761986751657
532000,91.04487907693456,68.98350949068332,7.267469927554614
533000,105.95751778886506,93.32010992444168,2.6451538700610358
534000,103.62544021012236,76.79685276282594,4.392467791541177
535000,108.52532910796954,69.3802409765978,2.8068470927874025
536000,106.29944763566832,74.81471996079975,3.465519569526175
537000,100.56903484574333,82.5005107582939,4.2956768765377475
538000,94.78312541312175,80.51552453057224,5.657423438769857
539000,105.92775571222948,93.48107033610799,2.898449128690959
540000,91.7241486533342,63.16175023538026,8.012830942668309
541000,101.81593866230092,85.78571832273495,3.599566410910258
542000,99.85164763332646,85.45103396170887,4.878133852023482
543000,108.83668410246213,90.00607400907136,2.0744785038120668
544000,106.3492381424215,77.17001909233312,3.084134633553443
545000,97.15772876995007,72.84507426599157,6.165140448669455
546000,109.1153042997864,77.00862172704396,1.561064009774587
547000,109.66235134526926,74.14773323612233,2.7069612215524446
548000,92.67584517092817,59.13636669262729,7.285361829584425
549000,101.07479012430078,63.42614895944793,4.590440846429786
550000,109.31532154950231,67.89329243986666,1.91277182391257
551000,109.01593883034923,77.01379408813848,2.059254759435789
552000,105.8417884627019,65.36099693715134,3.2421833084020633
553000,106.43070896894196,90.21443021669715,2.039479692781411
554000,99.23165245419882,76.80972754401652,4.99009356914211
555000,98.03295925181101,61.351814631325794,5.420518195328631
556000,103.12122008944945,69.86365755354782,4.072905013761758
557000,99.62281350360557,82.50797876459477,5.340316689006645
558000,102.89026832568737,89.74278754623774,3.972958883281816
559000,109.55693256305935,88.67237441179783,2.0258923003292337
560000,93.34730986568078,70.11162613659904,7.265862342928247
561000,100.08669342223416,60.226165348707404,5.185041722351041
562000,101.93826612817135,85.85622062036946,4.245142906541773
563000,108.30034385481156,70.75681531705047,2.810097620924812
564000,104.49824885765385,75.69294146755746,4.00146593404699
565000,99.9306242786501,87.66198311066316,5.119121181020032
566000,109.66599799546893,96.84753604678372,2.6931247583672744
567000,91.19785390905393,77.68630766109634,7.244647205408704
568000,96.8259123637964,84.72176239634312,6.966740312977249
569000,92.82682615375181,58.777521067297734,7.595816467009656
570000,103.06287030369506,84.96279652123279,4.132508891454018
571000,96.26008604037145,63.80171959811437,6.427313318081792
572000,108.34397630884466,71.08654814908637,3.084315517828424
573000,98.37512936989665,60.610014749323526,6.31624615997582
574000,99.0573242581925,64.86927126814952,5.658827832266543
575000,101.07640863828671,75.43898084221667,4.24619250601282
576000,100.72474285070587,63.570782057116276,4.946785762243255
577000,94.64259682432072,62.12211227830173,7.213131722811272
578000,99.30000781231271,68.58940038990292,5.304906655528647
579000,100.20261157084856,68.49895246400344,5.251325137851957
580000,107.97219588259983,81.10454601805029,2.475828780960898
581000,100.12430565573166,82.15209081860863,5.310334224169836
582000,108.57072940734578,86.52616705206943,1.8692496596557877
583000,99.97420192133922,80.27977447594412,4.888376728372424
584000,101.53103453109065,69.942961481155,4.058178252585471
585000,96.97784544717712,64.26400029416416,5.770628584122193
586000,108.55290590303306,80.5279574208705,1.9223569844078507
587000,99.15278343929607,75.56141601754685,4.615946739153727
588000,95.82668288795176,59.39194333775265,6.237010230518149
589000,90.22377606518516,69.88023201432755,8.953151842927577
590000,90.92585949025356,72.72411383534006,8.315437780171743
591000,96.03047184680631,64.73428382687534,6.420197821215112
592000,90.35693111210611,65.61220201708863,7.51071672870051
593000,99.78730917532195,60.97342796333511,4.687548067531667
594000,97.95616789680963,69.94578874435545,5.424686941953124
595000,107.6057838730829,65.98994548065582,1.88947697737247
596000,109.79739034046612,74.69392423842478,2.392733046248649
597000,98.55507544372607,75.39843945447862,5.927437398197548
598000,106.26877902501856,79.60716888486769,3.931484770622572
599000,99.90485875738199,87.96689998816885,4.8936909663288795
600000,108.62649994002422,85.33128541272586,2.253804874663029
601000,104.16372953442107,81.99863456401988,4.197506756667092
602000,105.35265334752994,76.01105645778088,3.3930640576983433
603000,99.68418653729829,66.1581195803462,5.652355827670625
604000,94.55859843365272,62.652406949817454,7.0829549213932985
605000,94.22331497529345,72.75549431611431,6.668576476839842
606000,91.66798691643525,61.674759546178,7.263924689267773
607000,99.84268994859951,86.90718300824773,4.513570734529478
608000,109.57314518124724,80.24349417296744,2.4458711011787937
609000,107.83963796155899,86.64215270482305,2.7863077281643585
610000,101.24351237142912,81.08743189286152,4.831606874525454
611000,108.03227752357844,73.75204364016597,3.55108913344951
612000,101.63085827195846,84.7448485223947,5.193963373417444
613000,101.46644017887274,64.60500294117763,4.437085235555347
614000,107.56691817165668,90.25475600588744,2.7248477411816183
615000,107.79758122604977,81.7716135839488,2.204854448990795
616000,94.75668410139677,60.21841408357745,7.628477072122986
617000,106.50828668032014,90.59898782495745,3.2345927134707395
618000,104.77036818722337,65.34192955429415,3.4975699074617927
619000,106.62273495798868,85.14472671601044,2.996717599608077
620000,93.33166263794706,78.37432498281063,7.0433249675193235
621000,107.53699537917484,82.12026498133078,2.7214692016949575
622000,97.36901337480506,83.57972862662878,5.910200248086131
623000,108.18655585728186,88.01223044936579,3.194040672323525
624000,96.36711762308691,79.05178658120994,6.608139183368863
625000,92.03559496845459,78.58280303068557,6.647004878565745
626000,108.8569696855419,92.4390753445524,2.4671317142879903
627000,109.715222915201,90.45664574427299,2.450471485289073
628000,103.13791392323066,63.13419138556552,4.523097010132512
629000,106.86210096759532,91.07391547448569,3.2427205769636602
630000,90.30894593161678,56.608487103302664,7.792668375701856
631000,101.21988674238155,88.9378155854807,4.543936403051543
632000,101.98917344320537,89.29109531815226,4.970634472640665
633000,93.64682499435843,73.92234408008036,6.225685332091633
634000,91.96106245682851,64.45508550992075,8.507855585732
635000,97.57628949898562,67.74649199172896,5.464088370694368
636000,100.41240979896573,64.4881581354207,4.4551625427218156
637000,91.05415890946105,64.39809760518988,7.72339002282835
638000,100.02093373892787,82.9882719560426,4.935478031279647
639000,97.36355935862954,84.84575637769355,5.883524207086064
640000,90.96588170584515,66.84913591165162,7.837582120224584
641000,94.43337606268031,65.2594598001643,7.106181873196884
642000,108.67225854701282,70.1047125788184,2.3402050344615506
643000,98.61286092653759,88.05364282365818,4.830902593492964
644000,93.43658234408633,60.13072553904056,7.484007157526142
645000,100.0057406898887,65.15210019353701,5.516530271645739
646000,100.72347113580317,78.0822678602766,5.23604899551593
647000,107.33033784658274,86.61937012412935,2.493750448832066
648000,100.4149609064729,78.95932493601917,4.510188885726725
649000,93.57067162410053,67.56522281412833,7.908954250747059
650000,93.15234403278096,77.45603661960514,7.457879239524882
651000,109.68027757786983,98.16979000474949,1.3260017248084108
652000,95.36546848729732,67.13606003505029,6.199374441099184
653000,94.29202738111651,71.7609647246311,6.096987329014852
654000,101.71567305693266,72.51736070530085,4.482858573306935
655000,94.24438989783238,59.801277141600785,6.226531158936946
656000,103.06735028550888,84.38146020403211,3.9422557962807816
657000,108.02134253751841,97.16050659858634,3.237294262480412
658000,98.28382504002082,63.48902248487856,5.48402737124556
659000,97.95224039345467,78.89025906601802,6.271020201233916
660000,109.02973760759089,89.29759977234829,2.8539311120320363
661000,102.40184589159905,78.79086672988458,3.4364061763963663
662000,97.9485491327503,75.66237117730317,4.8242634995700655
663000,93.76915925803587,77.27588984324287,7.164206641390539
664000,100.85174740957896,86.53005111083942,4.95087026322545
665000,96.87674996494216,79.65211434363641,6.1602247317465295
666000,107.64000649158123,85.01231513706006,3.6248391679765923
667000,107.38525786918092,85.43997363403939,2.949272015641584
668000,91.65458740833883,73.97512718900177,7.395552784134151
669000,96.56410709093805,73.51080177406266,6.450860933918923
670000,102.39825729114037,71.55010074238783,5.407052026024992
671000,103.74860343388283,69.76417294475131,4.743986879625243
672000,91.13571913795273,73.13411990770717,7.734630443654845
673000,92.65797988047287,73.79286185582207,6.587590718106142
674000,101.22934434062505,70.22322347889624,4.953283937159227
675000,99.42707750708361,64.68384853136843,4.758977288134658
676000,96.10245581876737,68.24113358707392,6.806852154838923
677000,90.88125764318275,65.08429291264821,7.111501234811585
678000,104.6829758920868,73.9815531090635,4.167359691527565
679000,105.08855076719306,92.54262098042176,3.4753564119735145
680000,92.22187363977856,60.966320002711235,6.52264104344609
681000,107.08193396015666,65.19602444022017,3.367634758857821
682000,103.76960056736223,88.63687148116965,3.9432754005084942
683000,95.25348657912221,60.22554790180412,5.90935056553371
684000,104.48863185774374,89.07575620323523,4.197786471811458
685000,92.51140913298218,59.11121392646348,7.117927654618841
686000,92.31554051681951,74.79363435342587,7.52307438015175
687000,93.35494200699141,73.71054908882462,6.472275742646017
688000,104.7532137980634,68.39526783372459,3.9881980534047274
689000,93.75697160914763,58.89131297825424,7.664632324639065
690000,98.29144188444978,73.14345226102627,5.390427277063384
691000,108.52319065611323,85.75782749841252,2.722557563173154
692000,92.85831496902898,55.82488696676294,5.682260450723305
693000,90.51949180158701,76.13973762012105,8.402774565636761
694000,98.956422193828,72.79109060030463,5.67517110486846
695000,91.23477053505967,80.00039084337445,7.954574339916494
696000,109.17559705246649,92.77378981319863,2.331324833961433
697000,100.88413143693874,87.56331814116866,3.9212965606111436
698000,94.42562369546165,84.58096579926695,6.9992602954848255
699000,107.91076197003801,79.49672030307698,2.659127796789936
700000,92.09157221930057,70.2498592083388,7.637365627119102
701000,102.17155145491361,85.35907684341718,4.304659181234275
702000,109.97783638089703,80.35614489157966,2.077664767696095
703000,91.1642427821498,59.3165349243796,6.9893519806694036
704000,92.28992893465158,62.61613415790101,7.246240608649109
705000,98.52125002460004,71.525330344696,5.113724473167337
706000,95.12002738491199,80.26538643540943,6.053140628811884
707000,100.10595017969928,73.43001885532261,5.70755275812393
708000,103.49167673270462,92.5857547781428,3.926285877120926
709000,96.53005599566879,75.51599597007252,5.272946025479892
710000,105.99814486660611,65.09195348563958,2.448867710911994
711000,106.57742636227289,80.6893119202071,2.963915409083815
712000,107.21822590427998,82.11276046771003,2.470662751688069
713000,101.91049311257783,85.37018571029324,4.168740496840269
714000,99.92699928986914,79.71379875696967,4.704680688231893
715000,92.47552507860514,61.57882529567004,7.61780777058534
716000,106.65608231766305,82.96978191796147,3.2038217414650276
717000,91.19009445666163,74.81200439664619,8.21227593796187
718000,106.58343908241875,94.07131567258376,1.630362112094661
719000,106.68188154216922,77.99669562374937,3.649003980033556
720000,100.52203879880733,78.4458392280765,5.733422878423434
721000,91.13369066158879,65.15316731923967,7.354781464099499
722000,95.01554495731064,70.00720211168928,6.535057753450813
723000,90.06330123057268,55.53104507436338,8.21827011588014
724000,104.85126655691744,88.8008593976861,3.5087398125809206
725000,96.04940377615286,60.38314122979974,6.323456980687906
726000,90.64199587565028,60.68342082803454,6.768566264241093
727000,105.30172911676247,87.0221392075666,3.6808957752386875
728000,106.54575722901723,73.99515025942131,3.1537907441864177
729000,96.15889071065314,80.67545751696161,5.816211576745949
730000,96.32443079070225,74.28781994569846,6.470488155643828
731000,92.89724243418472,74.81682128349992,7.26893300435191
732000,90.80898050766872,77.77491784909496,8.32171161410545
733000,102.69733663119327,71.27745719904887,4.107463751571067
734000,93.8086222267073,60.269870398659016,6.7009655604484175
735000,97.1316015902381,72.32430985359993,5.642770007574034
736000,91.54987472138349,65.02127096089889,8.10766001143079
737000,107.81709317490245,83.37822456535366,2.028427790214653
738000,104.23734935318919,82.56862577109541,4.477669805675895
739000,101.66017075979592,91.00161129398766,5.160388630131857
740000,102.47501386781464,68.90835791189743,4.788518364194586
741000,104.02902791909275,71.25306682553997,3.42632554123779
742000,96.36181294569069,71.58518616663888,6.483944556804871
743000,102.87510243112276,72.2066087257139,4.201791532172087
744000,99.8949624541296,73.71523157899323,4.545721854817985
745000,108.27369697228545,95.71713137977757,2.1310412020181384
746000,93.02195808540479,71.86096808471223,6.7444169853075735
747000,99.84571027467335,81.08892629876972,5.072978196103909
748000,105.28075937776573,90.47176858467124,3.612193105866141
749000,105.84445889516675,91.64274748565919,4.711694408261373
750000,109.12697492882053,91.79257340777724,2.835899509476035
751000,94.88131608630596,62.350629899979246,6.926962263487274
752000,101.31388886963917,70.50239123738749,4.104975206159148
753000,107.71891077599916,95.18153002806119,2.7264658799356836
754000,90.14628417797891,68.8732703693791,8.47103233956818
755000,95.34444055565572,66.93251856474006,6.754768305234037
756000,93.9107340068299,78.78080909577285,6.513976144580778
757000,103.70718967226381,87.86635318395454,3.2095980521153016
758000,92.29627904719773,64.78454482922109,7.55481466615889
759000,90.883454836656,58.78038420323884,6.969453108225288
760000,102.94323085133803,82.65972400047032,3.6560695644770713
761000,105.15129303477329,67.95779533908757,3.504292519949695
762000,104.57050285820212,81.74128581175759,3.451943573716341
763000,95.7609640761437,84.78959870945718,6.2587662596059666
764000,98.79036169537068,70.12241424671578,6.0452633252574355
765000,104.95515489721132,80.66242441698134,3.395270206860788
766000,99.17758777972399,68.1476418051352,4.287418919282322
767000,91.96681401677517,67.5646040781555,8.010523039869074
768000,97.08141392685744,65.22844859249383,5.750775410339335
769000,97.70905446552484,67.53412477554271,4.972978248764858
770000,103.01447907499255,78.94243184764362,4.206306826651508
771000,94.01617683486913,66.19411156293151,6.1367734747457305
772000,93.20785268882045,67.50272466372986,6.366827577738799
773000,95.31885118305424,84.94819112918744,6.591112464829775
774000,94.27884694201535,72.46972051182559,6.303028238050738
775000,95.59974124536649,66.513215379807,6.303570318528051
776000,108.26418101411315,76.44996356934219,1.8270588279763067
777000,95.21289490616137,82.41868367168942,5.680851442365126
778000,107.07257710821357,93.76674083774537,2.818749841693266
779000,98.97144355903262,72.90440423083453,5.010663562880545
780000,107.31414413173493,64.4487361680078,2.889437827418608
781000,90.8421943701356,60.74259011074637,7.410897882134945
782000,101.03570535490323,63.69349116501753,3.666199282137634
783000,106.69944837525125,90.28494127405445,2.303712359442411
784000,109.385261736769,82.73128479813549,2.096877975514373
785000,98.31211186221081,86.99141499377934,5.709275445069376
786000,90.87796230794012,81.31521757617986,7.8920672348681675
787000,104.91405756390216,85.32008167485573,3.441359274886106
788000,108.0779309232075,69.72370171291405,1.8117457548910791
789000,108.23834835634946,80.36426201844819,1.7827649310585327
790000,101.82196866462326,62.75600736765469,4.0423963606064
791000,91.59958329658649,59.8592229302487,7.507188488752277
792000,91.0144811422865,55.88512737385942,7.123986768212477
793000,91.18204249095959,76.02413299954003,7.500962487759609
794000,105.48956808310221,64.7235093019065,3.198591742437387
795000,108.05696087102837,89.90847057804943,2.1176857846098316
796000,92.57731930541823,57.46127493593172,7.512473214782059
797000,93.05710542481039,63.63547390103752,6.339888308236293
798000,104.82086743664587,82.62984638891645,5.277859384030948
799000,108.74983081776054,90.0546384465593,1.964039062174765
800000,95.59150960883784,74.99293874911257,6.194025054535396
801000,105.30860946234625,89.03302287327628,3.9339680013955487
802000,92.94364775745309,60.112431067127254,6.708462252857952
803000,103.49582689621954,91.75225877900255,3.446864657159888
804000,108.35389331179866,71.99463548525392,3.264897195951775
805000,105.3370146348505,74.24484600762253,3.4750833865592927
806000,100.97313597290582,87.11764061242839,5.0352143205337
807000,103.95168421437671,65.0467858839674,3.219571622105392
808000,105.35051016649045,75.35154302816194,3.8218400979304388
809000,106.11190475980209,90.79917141731814,2.521022444872668
810000,99.89453748590925,64.25861294978796,4.590310277106761
811000,99.47004361598617,80.80244320211135,4.912055614619753
812000,98.88934476393439,61.00052924000535,5.018080009543274
813000,95.42093627236851,78.77745972765914,7.09737460589477
814000,99.08911477481087,85.21767197929482,5.084695313303672
815000,92.13376348996508,77.61347704326796,6.775673008038301
816000,106.89647779438766,91.07372032989808,2.933165038270287
817000,102.33913382169135,67.16903296426943,4.591254796358277
818000,100.81282551185167,60.989012592744615,4.762125715189639
819000,108.50239089580094,71.09333160610198,2.9975347813965247
820000,97.79446609431392,75.32059897691101,5.8712928487334075
821000,102.91843095513168,72.10138023292532,4.450513326547514
822000,101.31176968480588,84.51955228977188,4.172157097160136
823000,97.03324328844668,71.3940876672569,5.825688506464834
824000,102.7777148356461,92.24462750820352,4.956176866768377
825000,96.87618231892361,73.53304338897371,5.666291144315614
826000,90.11453734087479,68.30291668568886,8.416272071800877
827000,102.79792008120081,89.48336006918731,4.585741369145322
828000,95.48869612007563,83.76049166868975,6.286992038376295
829000,105.08785239736974,87.68976591534496,3.543283913698607
830000,101.76761759961933,84.83429489853872,4.324277490303842
831000,91.23584765252699,70.38965811844227,7.132156593842936
832000,109.00310029176634,89.19317313756633,1.2915073448497791
833000,95.89863863763219,75.68116005265922,5.6205371160386495
834000,95.75091201386545,69.02220610139668,6.118101418847133
835000,109.84998876968423,98.43819167128476,2.816352915365965
836000,99.46940925808786,66.04929204048365,5.141249190876221
837000,109.01493058950308,77.74059838392954,2.185292569823731
838000,102.19608092150918,83.25288798489991,3.7115638757640674
839000,96.17828412211841,75.36339753639432,6.759625043522812
840000,102.22290207294209,71.31031455644616,3.880018539528252
841000,97.88563016999365,84.94601784139526,6.17111086142876
842000,106.92814268937481,85.58742900815584,3.1169426318404443
843000,92.98379582461689,67.29116284602108,6.2432869345495865
844000,99.36552827108198,67.824041680971,5.198915542040635
845000,93.13769122573608,70.66182856586077,7.0207106181406145
846000,98.79542122895911,69.17451671891654,5.490133083564447
847000,94.25595781813377,65.82438262265572,6.787558747272541
848000,101.19630294360564,79.03122514307803,4.8730914661349445
849000,91.54772089274249,79.14214075048481,7.79703212933157
850000,104.42117104692718,86.57942882642551,2.9287368639602693
851000,107.43465203925109,83.72830532185037,2.7498548825019857
852000,95.35269077546263,82.36615185875587,6.18009305602441
853000,97.65672134914242,65.40027504817677,5.2661699361468335
854000,97.69545240449621,77.57821772645039,5.000293026024579
855000,99.15544336088374,74.97031712134674,5.289040099140377
856000,108.22965023253529,93.92740315437507,2.487914428977974
857000,102.63081199072982,72.12797724375073,4.567519670510067
858000,99.95605608577691,68.84515316563554,5.326766400207982
859000,101.47756382330752,90.10024445879077,3.820660337118655
860000,105.00118769712098,68.9061797445309,3.9602425291830077
861000,91.7225531575762,57.75400415304955,8.182366897299984
862000,99.59041895966925,61.840076062636804,5.262752429710179
863000,96.15636823253608,60.94582703608912,5.397307388400606
864000,109.3043748747826,87.78785371031628,1.8767179034140244
865000,95.70720586755536,79.43741517104641,5.844680023893525
866000,94.21949771645433,75.7091609112839,7.287978251859353
867000,102.01380764259815,66.48759354697039,4.679630999309549
868000,96.12442355865477,80.10388968932415,5.6854960415026525
869000,93.36516613055342,71.49506176879254,6.00692574473386
870000,93.25034544194997,59.25398015103116,6.737029869316017
871000,95.19696310845369,83.13559390096833,6.105799169990663
872000,109.83918182258058,71.88006500422435,1.4836397069849712
873000,103.41932415802788,80.78025826548057,4.593376228419533
874000,105.34233287534397,64.73142667167087,2.6285617094806746
875000,109.7257070889633,89.18137023350867,1.9808282653155707
876000,107.40433690409351,72.67169024028775,2.2118249738179
877000,94.06286083918404,77.93308685379004,7.238256003948289
878000,108.80224102485309,93.45232341895769,3.5143674172185695
879000,106.41085442828945,94.13950496759648,2.7071977887931875
880000,90.58291072101748,75.3261989180186,8.07290882803758
881000,94.86232102144913,71.33746110241077,5.694727541320025
882000,107.35403374233421,94.78310785144788,2.491315429332922
883000,95.63879245218729,59.35484884667295,6.085476091371348
884000,100.72857723503796,73.82734759714062,5.59615095444185
885000,102.14907674503733,67.62850598401664,4.570759436121002
886000,106.61835028191884,68.05608402186799,2.8103459781778715
887000,106.51599734035653,78.67775259057812,3.4505695218280303
888000,94.54768192730234,58.80173864495289,6.981576206202295
889000,108.3816756405125,97.32327667428635,2.100662944263762
890000,95.12183051609698,73.01168001002331,6.9655554534536135
891000,94.97831286341156,58.48880690602641,7.2653523505974045
892000,104.98060711501846,72.88998783789931,2.7014760829572833
893000,94.79150914738545,70.35707111611644,6.420243047104202
894000,109.97273127079988,75.12741650208373,2.432157831271437
895000,98.81285637042103,84.76295938176507,5.079488057393087
896000,97.59612846430427,86.14558464546694,5.613721788235038
897000,90.9618300198689,65.34739338142418,6.81883168937445
898000,101.30304434870881,77.95299769457196,4.0700724303161095
899000,100.63188114699348,74.64716856796446,5.276290466044861
900000,94.33684871020702,71.31212801711797,7.369026865091354
901000,96.99084938236732,74.61674928336669,5.911223278374885
902000,102.42615948049227,82.07677342499493,3.9583490965907866
903000,90.12881245945846,66.81169771137009,8.317942772766596
904000,95.44167873415697,76.41402124681277,6.194713707565819
905000,107.34781937614875,76.34349080998622,2.854245351944929
906000,105.6676155255689,82.22634860720204,3.4857057350892924
907000,97.67895698618004,59.53764266354527,5.840794694273177
908000,102.3287939074959,86.95361257308336,4.383151853790306
909000,97.76984579549166,60.02795922073143,6.172904260920937
910000,99.5809003370792,75.19576379051496,4.776133159588776
911000,102.8353976162414,74.62761924176516,5.4736434421862565
912000,98.8458078590192,64.5475996633789,6.08682610387464
913000,98.96324802657718,76.16044853344823,5.508496424729162
914000,102.95562428843384,73.75326211603723,3.5684197882699604
915000,93.86976153772359,60.08656803373188,6.189602292769284
916000,101.28189234243348,71.73141438853051,4.838441889462216
917000,109.43656583564155,83.91115383797106,2.0928784441681554
918000,92.84332868514902,55.94134075363492,7.956407917919389
919000,104.74075762549327,78.83271783577607,3.3815305884277156
920000,107.65254056353402,64.81910178192194,3.3632117114963007
921000,103.99366074661705,88.61448536631912,3.805239117796899
922000,108.50007808876906,92.7206238780261,2.605135159367326
923000,93.38229411298238,68.52334617048393,7.491903555251829
924000,103.31248797644922,74.5367475297784,4.0360249937845785
925000,100.58884391009667,88.98842108463181,4.429008594598489
926000,100.85936679433969,82.97846158322352,5.296408575337002
927000,103.51615215614585,65.66450293003336,4.631388443790724
928000,106.60184305524606,76.9879962854769,2.7836005095504452
929000,105.12182760477545,73.58031371812186,4.668577096741052
930000,106.68684992793223,78.3693679894399,2.5485248063234884
931000,107.91375675628802,67.16583653509876,2.5619712465687274
932000,108.52759472800774,68.72762153417631,2.6135977938703636
933000,95.32533260389232,79.59949931728565,6.431567315945463
934000,107.14334040497728,80.6138816382335,2.5252707838302055
935000,103.68291986267131,91.02416354370772,3.4774066732858957
936000,101.39963741392539,87.12942170436794,4.893364665093612
937000,103.90940463356361,78.16848356099484,3.9596531862741386
938000,109.56173537133716,82.55562343440971,2.5161766632475975
939000,97.09741994539044,84.04479777917685,5.588502874984508
940000,109.24420078385498,94.65499342339966,1.9500156565546096
941000,90.08969049984975,64.37011395725673,7.743762797867377
942000,101.92174352267911,89.88995339721397,4.417217124379815
943000,100.48172891752826,64.97830241128693,4.654036791623459
944000,95.88275625202206,69.88438463673783,5.761776679834604
945000,94.52881109349123,84.2476459389421,6.079658355007259
946000,95.75315576305296,65.76415144426325,6.276281500110293
947000,94.36945159889616,77.68459129577191,7.0410254408214294
948000,106.65748781396395,80.38179944164875,2.4321936181402135
949000,91.1475758715617,79.04148241006602,7.734169067680766
950000,107.6551903441206,82.90117896490544,3.156536328131464
951000,92.77898576765844,66.9836641922818,6.967170105315023
952000,100.77469745868648,63.002371732147495,4.684354761265233
953000,102.73229178395823,86.14288098974156,3.962483793741596
954000,98.47775043753711,72.12022292624616,5.651587917332932
955000,108.01184604223148,69.79611817228867,2.0280908430072992
956000,104.54703027641787,86.10344308085163,3.8888004297880725
957000,105.1895564871863,81.77232871060811,4.448045651470135
958000,96.06101469178435,62.24829526692534,5.835540944253414
959000,94.22309313372972,70.43167666033963,7.159950394104986
960000,100.70688589840441,87.67584561802039,4.377799150158339
961000,93.74098241418899,67.43125317475914,6.448362867947853
962000,93.86671509544985,76.12009622928736,6.524651928331945
963000,97.10979068296587,83.51924547987697,5.554137615167344
964000,106.53436880260995,64.08721741589008,3.3059457537020336
965000,104.97714397625889,72.03056449263559,3.2797922007115092
966000,103.23870474740552,82.09013050648089,3.871832909459614
967000,97.47158120044145,71.62417563663878,6.242845189639449
968000,92.27513243076206,59.9064379743503,7.734527901316789
969000,103.30139848903073,79.59037933880603,4.4283025633632604
970000,100.48471628412807,80.49174799236792,4.984765183083022
971000,96.19464021756589,61.54664808032008,5.992521732022223
972000,101.30857173030951,77.93019915735621,4.513183204058118
973000,95.35891449084653,62.81644322615941,6.310595853902121
974000,108.14696190554713,81.27333513796057,1.9259035063305583
975000,92.38940621997092,76.52368296273143,7.12312091094446
976000,95.72542877887662,76.8142914750921,7.103753879073244
977000,96.80401915079915,76.94466681101677,6.200996107166033
978000,93.87487846649805,80.48140591458262,6.095470660006265
979000,98.94636070704297,66.72156905490444,5.331438918930029
980000,105.98513885599213,71.18622712368162,3.1398075507923418
981000,98.64257909807554,67.1787162138405,5.657702935168656
982000,102.40906352664743,85.62133770809811,4.741580089066571
983000,97.83599281825957,74.43787560357642,5.868655897986315
984000,104.89673468475839,65.81726510476636,2.6552420317324525
985000,101.3545610653567,67.27264755030741,4.971973721954215
986000,92.29248022407059,60.7386312920889,7.561816977867868
987000,91.5002742598057,59.307129602759595,7.408024134097435
988000,95.34548131144385,58.37822218146971,6.575342484620234
989000,94.09891502128423,71.90429084921145,6.783844970022018
990000,107.64171317411692,89.26317390939889,2.943067970103074
991000,108.23303128579067,83.04528935337494,2.2611775506681093
992000,102.81561833646464,70.01684082481869,4.60594183628206
993000,96.02752125945605,66.31911980420898,7.045090393783329
994000,101.405256808067,69.74082435635603,4.016019077078803
995000,101.4218081216037,73.59630521363663,4.796540950090483
996000,100.54447314277127,82.81058593357027,4.322570827879546
997000,93.05170127498116,64.66282684056912,6.864571354499093
998000,106.7558592588116,67.38241027990516,2.417335777314952
999000,97.23002089686611,76.38755106012209,5.150707814765074
1000000,101.78345358260695,62.983636825810294,4.639066833996469
1001000,97.56230091091642,66.68592257015789,5.62109264262706
1002000,98.76542282808407,77.43889968483157,5.050603496424479
1003000,105.64175080901164,83.50910643930204,2.4675451419886487
1004000,97.98013958424959,81.03412445162145,5.745639540696442
1005000,91.22782103169453,65.50113299387833,7.151631792595522
1006000,100.64807672860124,71.28877328727565,5.835101613627448
1007000,98.96174421698736,83.43933147529522,4.4873968813543765
1008000,100.27629574511833,76.40450119998582,5.14036792335553
1009000,104.97949599144604,87.83520855775207,3.4986944651682976
1010000,96.108048994576,84.7429754219588,5.516751455699135
1011000,90.69999233175889,68.20707535832666,7.791388899858697
1012000,100.26964255219474,88.19409458559068,4.873383609074168
1013000,105.9591454825676,88.76957084067926,3.456497495712651
1014000,90.52794159529282,67.88823595621757,6.865002140315172
1015000,100.47734690418703,81.63831686465171,5.041656027459732
1016000,97.38774143493552,78.98048317010604,5.461658748580943
1017000,99.19360606313641,70.41802933100219,5.909184888982103
1018000,96.53699161518676,86.46026294078172,6.313860057696308
1019000,95.4803449522902,79.68073683039606,6.309213805697925
1020000,98.12922524341417,79.97882520155584,6.155541111453852
1021000,108.85289042748609,84.8972878630311,1.6096430778734956
1022000,108.27725965795939,65.73674358370069,2.6073194681504974
1023000,97.66933519262632,72.51465184552023,6.899169729526087
1024000,101.46422224654039,63.02677777878844,5.259298659672328
1025000,96.58005522857137,81.837824973368,6.186711336700741
1026000,109.10878665615722,94.14174722539668,2.0734416577037074
1027000,106.0869114568732,72.71141580698452,2.98000630580968
1028000,92.11754057838242,72.02016161813283,7.592201706666165
1029000,98.96332412878262,84.0508543969272,5.070224759926198
1030000,105.16111082769532,89.55951277959518,3.3003830918143287
1031000,107.38302692481173,74.76006310019632,3.361211150458683
1032000,91.20616928664582,57.82173345244365,7.439039424335032
1033000,94.559891919297,68.3963174424471,7.1985823246766625
1034000,99.9095693629793,66.9454059245323,5.739869641450281
1035000,91.62804849580868,78.93325766218393,7.380380516727778
1036000,96.93015131000638,58.199678025613785,5.74140647817901
1037000,98.88337131612296,63.387820404343444,6.094971896056773
1038000,106.01157864454179,79.30259156423296,3.3379075409799404
1039000,109.51656974764097,66.10752795205761,2.4208265278830585
1040000,104.00536360037138,83.13933094292166,3.7172143281938346
1041000,98.00138379260086,64.06167224504941,5.92098429700992
1042000,95.05093023066922,58.21857067147112,6.646591829819235
1043000,92.61733070411252,75.34478073682826,7.615743040110372
1044000,91.93363993014388,63.381196208068395,7.398454700557163
1045000,102.7348874392872,62.223346508198674,3.341575665353342
1046000,92.94408056758736,78.93432928511965,6.686115942132559
1047000,102.84369755428821,89.86394903754316,4.540333873885319
1048000,90.06225043505644,75.47096142245258,7.424968999657389
1049000,109.13704275240032,84.40621506683955,1.4537188621653874
1050000,91.96510820631184,78.57300369459456,8.043010907647291
1051000,97.03526725535889,70.68430458427952,6.192330700282869
1052000,97.10870918697177,65.78670121385386,5.014043353286541
1053000,97.73351570725919,63.65381040036356,5.656027464936752
1054000,109.86211659618417,68.90432507113853,1.8865084315939251
1055000,99.61611307214186,78.43662440971396,4.962469007437182
1056000,105.40626299180887,84.76882589995016,3.4130619269133318
1057000,94.85978619818874,65.00059247644225,5.974305482717198
1058000,101.2261864159871,76.28777496825104,4.021142538183413
1059000,101.3420928234481,71.95986962810328,4.494400665779576
1060000,97.81914405388011,80.88393449639446,6.230355550007652
1061000,104.86369265417919,65.88821991412595,3.9434083860320563
1062000,98.60672239781069,87.89835681392216,5.015720898140101
1063000,104.9435270568881,76.49823959407675,3.4934334934128617
1064000,96.9440583189259,75.7204159841422,6.435837996307893
1065000,95.54303202291243,63.87380578848759,6.558354607958623
1066000,102.12419758414411,74.2947907306524,3.834104889582907
1067000,91.74498297344627,57.0950616482849,7.488188654453912
1068000,91.14338399268179,72.26288761893261,8.157865580025838
1069000,98.50996266816338,76.81753484079178,5.729501359129705
1070000,94.79784047581762,66.91236703848772,5.373941281075157
1071000,95.4836805716119,80.90957946080817,5.899680221354321
1072000,93.7437526266749,68.5612304530605,7.222194213987991
1073000,98.30793477060409,77.58708913081199,4.569730324196351
1074000,102.69044541800754,84.79183809072363,3.9912528492385824
1075000,108.96911709355385,84.07540560152252,2.625044520751444
1076000,93.21707243104557,62.47695640645282,7.2004464886165565
1077000,96.68758949851114,70.00439760517786,5.869664960146298
1078000,97.60740708901058,69.59471940581521,4.40930363426581
1079000,91.39866962081328,58.4661242132072,7.2828327962383845
1080000,94.70431469894028,64.59427115119365,6.353932201424566
1081000,95.03732040982035,75.48887810568878,5.94672036357209
1082000,100.93712664710758,74.93831327908762,4.783173653349195
1083000,109.90939502902484,81.64939247117452,2.5875586205353014
1084000,103.73430292844908,66.63708575436173,3.5832484809494165
1085000,107.9500591421725,69.01269680302494,2.8998420041209423
1086000,100.42648137992026,76.19296348917999,5.072054854985631
1087000,107.16327086901356,87.61197346045158,3.6336956662644337
1088000,101.41036050626447,80.00765383965333,5.308726002369485
1089000,103.45624388134055,77.63854052067248,4.2703348718247724
1090000,109.8471326905084,93.07877059838546,2.6287579388683353
1091000,98.47876950143849,77.74038522389111,5.435798104874044
1092000,100.73306559220845,64.17875247517674,5.357847892682439
1093000,106.44428601511427,85.77958400636552,1.956635947914969
1094000,108.02909488898084,94.00306779909958,2.13831075660205
1095000,99.94120628612967,65.69721143805755,4.228055563783096
1096000,101.71328786870518,70.36255887308609,5.617224389020138
1097000,95.93950973548536,63.41847758052736,5.873423318807188
1098000,108.95753501803199,79.56600366105167,1.9709856476784176
1099000,102.89377277783595,86.93931158077756,3.821947827212705
1100000,95.81416099061803,61.54022332598711,5.741713088082016
1101000,105.64040800775197,75.3117639077543,2.829286364460043
1102000,97.59506921665485,74.71244063988037,6.152928720479994
1103000,106.56377481627702,94.63106441186092,2.874663023450402
1104000,91.23205676944448,59.99392387937308,7.417203286601405
1105000,95.20616382947209,77.6484719291592,6.278131422003585
1106000,98.85835619665986,72.42162719195701,5.685356084301449
1107000,103.04500035214048,90.54793068611436,3.8605238756861633
1108000,95.14330508505616,58.02412527079157,5.954470566317898
1109000,103.88136755349431,75.98902708648326,3.37908999811334
1110000,107.31671700864284,67.53071260607702,2.397031331357984
1111000,90.01705646309402,71.98531238348689,7.860076953746585
1112000,96.30503658772456,58.85522477741823,6.8457893360084645
1113000,99.27073109617476,75.39962691555289,5.5374247412352915
1114000,100.10596399996258,66.13635945267553,4.380861490260195
1115000,107.36337076451123,96.467903531949,2.147639169223773
1116000,103.65170052991192,90.09769906805192,3.8985775749931078
1117000,106.60170527555925,70.04578728070753,3.2751303030130416
1118000,95.78703558775706,64.67308899529395,6.550056232298335
1119000,105.60191771898914,85.24010101558713,3.28568918121368
1120000,105.03037723571539,86.51905361086952,3.4243494078755496
1121000,94.22959111033083,71.38381723397166,7.289593143655804
1122000,109.88954070592209,95.65348470746422,1.8944379715014905
1123000,97.12142791048856,65.92903304885702,5.545799657712134
1124000,105.06546301476162,74.00711616836865,3.404627141534944
1125000,91.2814274371398,76.16414529332731,7.882771492739325
1126000,97.37928298475342,81.19026216977637,6.029747993587474
1127000,93.41157527042229,78.86895143839037,7.254269374623192
1128000,100.99232532426579,87.7629876498454,4.968191800888913
1129000,109.17930596487206,74.44007161206605,1.8078049826912235
1130000,92.44135153934911,58.8985575063675,7.570107342778009
1131000,104.30850696579901,90.90845165788494,3.010222231511083
1132000,95.73393872412962,64.25058288741553,6.3162264272839925
1133000,91.29902495797631,79.27034161743981,7.502245991385463
1134000,95.50972824772555,61.03675901176913,7.156641800522981
1135000,90.83687603951175,60.1469618307065,8.188217223525053
1136000,103.53068921337612,78.78989732043796,4.02149674622275
1137000,94.95338132982626,80.68525472915672,5.920705781088414
1138000,97.58204219070375,83.61723313119276,5.439563367586084
1139000,105.77061189160376,89.3475918527524,2.826086472670128
1140000,101.38584848238035,61.16911355703266,4.423458511685248
1141000,90.19021041451003,61.80430039126026,7.886783627239626
1142000,106.47830193861176,66.75831951987807,2.8586951424232314
1143000,92.84796795285344,57.76278392282047,6.922573516741058
1144000,93.63407688627287,66.82562683465949,6.015476537118932
1145000,95.84360797821768,60.597942904598845,7.267119151977355
1146000,91.78022334895427,71.40389822907073,7.337216133954587
1147000,106.41227872217286,66.93439063904917,3.9851334281733024
1148000,92.5116455306974,79.17213505233772,7.326568826157624
1149000,105.47346182680688,87.98397011178035,4.254687043918737
1150000,101.80741686169266,90.79380049371473,4.452054578146648
1151000,94.37162824364037,71.11057009757323,5.60079812995053
1152000,105.71900866237004,75.55445888134979,3.985234788280489
1153000,97.98050478435243,60.37114863562623,5.823858665589725
1154000,97.759091779311,65.09978915331524,5.89679388285121
1155000,102.87914036062233,82.15486729221806,4.3390794278958
1156000,104.82474502270391,70.10258400242058,3.0822612726140877
1157000,92.67414267091354,59.74344872500908,7.67782810751844
1158000,98.65133937734717,61.161839959655055,5.324650333775036
1159000,93.7822388687375,60.48639841756947,7.0629546809354915
1160000,94.9067210134655,78.31979244006445,6.77808122217191
1161000,106.51455112729298,72.27236287121139,2.6818216677409588
1162000,93.65602239897069,74.30148588001548,6.856904321323465
1163000,107.56617751855124,81.75250395956124,2.5935933493587564
1164000,100.64569198930566,90.57413275519541,4.565642183531206
1165000,108.86651930897281,84.00656616365316,2.5282799342462705
1166000,91.05276561071577,70.1771397070958,7.542200251735765
1167000,93.25048672259143,65.58082062121662,6.178831152993325
1168000,96.79974091889643,66.40289874120215,5.579308595923625
1169000,102.89503704284655,76.0331914481513,4.017714800838956
1170000,91.87161867127364,58.56065629169467,7.795101418889915
1171000,98.90482612951577,70.34896716428439,5.252478570079482
1172000,105.25164069321013,72.09027602411608,3.5734570957383998
1173000,104.28804595612266,75.57513138577899,3.4763117514824877
1174000,95.79135962929325,62.41484297431678,6.357505428981591
1175000,103.35017219439705,84.03002727954984,5.0706775702617115
1176000,99.54822527941288,77.80610781502969,5.163928460407104
1177000,92.78968106982083,62.16363234846294,6.983395763895612
1178000,93.06024037296159,75.69575132204999,6.885180758728079
1179000,91.87639975898072,74.18897048303033,8.253449877579634
1180000,102.70936132628614,65.05023548236706,4.1992743921521845
1181000,99.50471416547545,60.27807856321081,4.726971875084397
1182000,105.72549163292956,84.90181924187007,3.47058093685037
1183000,98.94172004649344,74.43897057642401,5.439505206362294
1184000,102.46334886171272,85.79156992404171,4.162821885917016
1185000,100.63722084958219,76.32367928560893,5.179439041447955
1186000,106.51803109346447,79.47924407921344,2.6994128266367463
1187000,98.83955607416539,71.75139194565854,5.923718488414113
1188000,105.28993930172446,84.47340986071936,2.8169386791884605
1189000,101.66260693566002,66.24681476878433,4.541874819715964
1190000,91.74484623563579,57.145729133189214,6.566909113905828
1191000,100.68380664676788,83.23144393793406,4.72463234457837
1192000,93.24527471339171,79.70801097279295,7.2262793582527465
1193000,103.67331265187214,81.43194593296553,3.4255101095221043
1194000,109.00256301044323,93.5056740966629,2.2008260755877322
1195000,105.9760906905845,74.04106445540434,3.3423302949541656
1196000,106.66220054967786,88.54823347682174,2.959255271379414
1197000,102.32840062247563,73.6817407815145,4.180110451296617
1198000,92.2251091702265,63.026302981643724,7.584507208083283
1199000,108.698320926478,79.36510283335721,1.6260376468668212
